begin;

create table email_message
(
    id      SERIAL PRIMARY KEY,
    message varchar(1000) not null,
    type    varchar(10)   not null
);

INSERT INTO email_message
VALUES (1,
        'Поступил заказ ${order.id} на украшения ${order.jewelries}.\r\nДетали заказа:\r\nИнициалы клиента: ${order.userData.firstName} ${order.userData.lastName}\r\nАдрес клиента: ${order.userData.address}\r\nГород: ${order.userData.city}\r\nИндекс: ${order.userData.postIndex}\r\nЭмейл: ${order.userData.email}\r\nТелефон: ${order.userData.phone}\r\nТип доставки: ${order.deliveryType}\r\nТип оплаты: ${order.paymentType}',
        'ADMIN'),
       (2,
        'Ваш заказ ${order.id} принят в обработку. Скоро Вам придет письмо с деталями оплаты.\r\n\r\nСпасибо за оформление заказа в интернет-магазине Graceful Jewelry.\r\n\r\nСостав заказа:\r\n${order.jewelries}\r\n\r\nСумма:\r\n${order.price}',
        'CLIENT'),
       (4,
        'Ваш заказ ${order.id} принят в обработку. Скоро Вам придет письмо о готовности заказа.\r\n\r\nСпасибо за оформление заказа в интернет-магазине Graceful Jewelry.\r\n\r\nСостав заказа:\r\n${order.jewelries}\r\n\r\nСумма:\r\n${order.price}',
        'CLIENT'),
       (5,
        'Здравствуйте!\r\nВаш заказ готов к отправке.\r\nОплату заказа необходимо осуществить на карту Тинькофф по номеру 0000 0000 0000 0000 в течение трех дней.\r\n\r\nСпасибо за заказ в интернет-магазине Graceful Jewelry.\r\n----------------------------\r\nНомер заказа: ${order.id}\r\nУкрашения: ${order.jewelries}\r\nСтоимость: ${order.price}',
        'CLIENT'),
       (6,
        'Здравствуйте!\r\nОплата прошла успешно. Ваш заказ будет передан в службу доставки в течение 3х рабочих дней. Скоро Вам придет письмо с трек-номером заказа.\r\n\r\nСпасибо за заказ в интернет-магазине Graceful Jewelry.\r\n\r\n----------------------------\r\nНомер заказа: ${order.id}\r\nУкрашения: ${order.jewelries}\r\nСтоимость: ${order.price}',
        'CLIENT'),
       (7,
        'Здравствуйте!\r\nВаш заказ собран и ожидает в пункте выдаче. Наш адрес: г. Москва, проспект маршала Жукова 1, ст. 1 (МЦК Хорошево). Время работы: будни с 11:00 до 19:00. Телефон для связи +79162155009.\r\n----------------------------\r\nНомер заказа: ${order.id}\r\nУкрашения: ${order.jewelries}\r\nСтоимость: ${order.price}',
        'CLIENT'),
       (8,
        'Здравствуйте!\r\nВаш заказ успешно отправлен. Трек-номер для отслеживания ${order.treckNumber}.\r\n\r\nСпасибо за заказ в интернет-магазине Graceful Jewelry.\r\n\r\n----------------------------\r\nНомер заказа: ${order.id}\r\nУкрашения: ${order.jewelries}\r\nСтоимость: ${order.price}',
        'CLIENT');

create table emails_log
(
    id           SERIAL PRIMARY KEY,
    created_date TIMESTAMPTZ not null DEFAULT Now(),
    message      varchar(1000),
    from_email   varchar(50) not null,
    to_email     varchar(50) not null
);

create table jewelry
(
    id                   SERIAL PRIMARY KEY,
    name                 varchar(100),
    price                decimal,
    description          varchar(500),
    type                 varchar(50),
    material_description varchar(500),
    size                 varchar(500),
    weight               varchar(500),
    is_sold              BOOLEAN     not null default false,
    is_hide              BOOLEAN     not null default false,
    created_date         TIMESTAMPTZ not null DEFAULT Now(),
    rating               int         not null,
    original_price       decimal
);

INSERT INTO jewelry
VALUES (2, 'Graceful Sea', 2200, 'Браслет в морской тематике с натуральными камнями тигровый глаз', 'BRACELET',
        'Натуральные бусины тигрового глаза; Бусина лэмпворк ручной работы; Позолоченная фурнитура (14К); Кристаллы Swarovski',
        'Длина браслета 21 см, длина регулируемой части 6 см', '27 гр', false, false, '2020-01-07 14:36:43', 4, 1500),
       (3, 'Graceful Peach', 2400, 'Браслет из натурального жемчуга пудро-персикового цвета', 'BRACELET',
        'Фурнитура с покрытием золото 22 карата; Натуральный жемчуг 7-8 мм (пресноводный, культивированный); Стеклянная бусина лэмпворк ручной работы',
        'Длина браслета 18,5 см, длина регулируемой части 6 см', '15 гр', false, false, '2020-01-07 14:45:31', 1, NULL),
       (4, 'Graceful Stones', 2000, 'Сочный браслет из бусин тигрового глаза и гемиморфита', 'BRACELET',
        'Родированная фурнитура класса LUX со вставками из фианитов; Натуральные камни тигрового глаза и гемиморфита',
        'Длина браслета 20см, длина регулируемой части 6 см', '28 гр', false, false, '2020-01-07 14:48:45', 2, NULL),
       (5, 'Graceful Crystal', 2000, 'Нежный браслет с кристальным жемчугом Swarovski ', 'BRACELET',
        'Фурнитура класса LUX со вставками из фианитов; Кристальный жемчуг Swarovski (10 мм)',
        'Длина браслета 18 см. Длина регулируемой части 5 см.', '22 гр.', false, false, '2020-01-07 15:40:39', 3, 1000),
       (6, 'Graceful Owl', 2300, 'Браслет с кристальным жемчугом Swarovski и подвеской в форме совы', 'BRACELET',
        'Фурнитура класса LUX со вставками из фианитов; Кристальный жемчуг Swarovski (10 мм)',
        'Длина браслета 17 см, длина регулируемой части 6 см', '25 гр.', false, false, '2020-01-07 15:44:44', 3, 1300),
       (7, 'Graceful Shine', 2400, 'Яркие и невесомые серьги с покрытием золото 16К', 'EARRINGS',
        'Фурнитура класса LUX со вставками из фианитов; Гипоаллергенные швензы; Кристаллы Swarovski',
        'Длина сережек 8 см', '7 гр (одна сережка)', true, false, '2020-01-07 15:48:18', 4, 1300),
       (8, 'Graceful Sahara', 1800, 'Позолоченные серьги с кристаллами Swarovski', 'EARRINGS',
        'Фурнитура класса LUX со вставками из фианитов; Покрытие золото 16К; Гипоаллергенные швензы', '', '', true,
        false,
        '2020-01-07 15:50:41', 3, 800),
       (9, 'Graceful Crown', 1700, 'Серьги с кристальным жемчугом Swarovski', 'EARRINGS',
        'Фурнитура класса LUX со вставками из фианитов; Гипоаллергенные швензы', 'Длина сережки 4 см.',
        'Вес одной сережки 6 гр.', false, false, '2020-01-07 15:59:24', 2, 700),
       (10, 'Graceful Hearts', 1700, 'Серьги с сердечками Swarovski', 'EARRINGS',
        'Фурнитура класса LUX со вставками из фианитов; Гипоаллергенные швензы', 'Длина сережки 5,5 см.',
        'Вес одной сережки 4 гр.', false, false, '2020-01-07 16:00:53', 1, 700),
       (11, 'Graceful Flowers', 2000, 'Нежные серьги со стеклянными бутонами лэмпворк', 'EARRINGS',
        'Родированная гипоаллергенная фурнитура из латуни; Бутоны лэмпворк ручной работы; Фианиты',
        'Длина сережки 4 см.', 'Вес одной сережки 4 гр.', false, false, '2020-04-26 14:47:16', 3, 1000),
       (12, 'Graceful Blue', 2500, 'Нежно-голубой браслет с изящной подвеской и регулируемой длиной', 'BRACELET',
        'Натуральные бусины аквамарина (10 мм); Фурнитура класса LUX со вставками из фианитов', '', '', true, false,
        '2020-04-26 14:47:16', 4, NULL),
       (13, 'Graceful Diamond', 1900, 'Изящные сережки со вставками из фианитов и подвесками Swarovski', 'EARRINGS',
        'Фурнитура класса LUX; Гипоаллергенные швензы', '', '', true, false, '2020-04-26 14:47:16', 1, NULL),
       (14, 'Graceful White', 2900, 'Роскошный браслет из натурального барочного жемчуга c магнитной застежкой',
        'BRACELET',
        'Натуральный барочный жемчуг Grade AAA; Натуральный речной жемчуг Grade A; Родированная посеребренная фурнитура; Магнитная застежка с фианитами',
        'Длина браслета 18 см', '28 гр', false, false, '2020-04-26 14:47:16', 4, 1500),
       (15, 'Graceful Pink', 2700, 'Нежный браслет с миксом натурального жемчуга, аметиста, розового опала', 'BRACELET',
        'Нежный браслет с миксом натурального пресноводного жемчуга и жемчуга бива, аметиста, розового опала',
        'Длина браслета 19 см. В основе замочка магнитная застежка. Длина браслета фиксирована', '27 гр.', false, false,
        '2020-04-26 14:47:16', 4, 1500),
       (16, 'Graceful Gold&Silver', 1400,
        'Серьги-пусеты мятый металл с комбинацией позолоченной и посеребрённой фурнитуры', 'EARRINGS', '', '', '', true,
        false,
        '2020-04-26 14:47:16', 3, NULL),
       (17, 'Graceful Leafs', 1700, 'Серьги с профилем и гальваническими листьями', 'EARRINGS',
        'Позолоченная фурнитура, гипоаллергенные швензы', 'Длина сережки 8,5 см.', 'Вес одной сережки 5 гр.', false,
        false,
        '2020-04-26 14:47:16', 4, 1000),
       (18, 'Graceful Angel', 1900, 'Эффектные серьги с перьями страуса', 'EARRINGS',
        'Перья страуса; Гипоаллергенная позолоченная фурнитура; Фианиты', 'Длина сережек 18 см', '2 гр (одна сережка)',
        false, false, '2020-04-26 14:47:16', 4, 700),
       (19, 'Graceful Terra', 1800, 'Браслет с миксом бусин регалита и Aqua Terra яшмы', 'BRACELET',
        'Позолоченная фурнитура с фианитами', '', '', true, false, '2020-04-26 14:47:16', 3, NULL),
       (20, 'Graceful Feather', 1900, 'Серьги с перьями страуса цвета Айвори', 'EARRINGS',
        'Натуральным жемчуг, посеребрённая фурнитура', 'Длина сережки 13 см.', 'Вес одной сережки 7 гр.', false, false,
        '2020-04-26 14:47:16', 4, 900),
       (21, 'Graceful Sky', 1500, 'Броские серьги с кристаллами Swarovski и гальваническими листьями', 'EARRINGS', '',
        '', '', true, false, '2020-04-26 14:47:16', 4, NULL),
       (22, 'Graceful Brown', 2100, 'Браслет из авантюринового стекла с кристаллами Swarovski', 'BRACELET',
        'Бусины авантюринового стекла; Кристалламы Swarovski; Позолоченная фурнитура из латуни',
        'Длина браслета 19 см. Длина регулируемой части 5 см.', '23 гр.', true, false, '2020-04-26 14:47:16', 1, 1100),
       (23, 'Graceful Gragon', 1900, 'Яркий браслет с изюминкой из стеклянной бусины лэмпворк ручной работы',
        'BRACELET',
        'Бусины яшмы Кровь дракона (10 мм); Кристальный жемчуг Swarovski (10 мм); Фурнитура класса LUX с покрытием золото 22 карата',
        'Длина браслета 20,5 см. Длина регулируемой части 5 см.', '28 гр.', false, false, '2020-04-26 14:47:16', 1,
        900),
       (24, 'Graceful Quartz', 2100, 'Нежный и невесомый браслет из бусин натурального говлита и кварца', 'BRACELET',
        'Бусины натурального говлита и хрустального кварца; Родированная фурнитура из латуни; Фианиты',
        'Длина браслета 18 см. Длина регулируемой части 5 см.', '27 гр.', false, false, '2020-04-26 14:47:16', 3, 1100),
       (25, 'Graceful Flowers', 2900, 'Серьги с барочным жемчугом', 'EARRINGS',
        'Прекрасные бусины с перламутром, посеребрённая фурнитура, фианиты', 'Длина сережки 7 см.',
        'Вес одной сережки 6 гр.', false, false, '2020-04-26 14:47:16', 4, 1900),
       (26, 'Graceful Sea', 2900, 'Прекрасный барочный жемчуг в серьгах с фианитами и фурнитурой класса LUX',
        'EARRINGS', 'Барочный жемчуг качества Grade AAA; Фианиты; Посеребренная гипоаллергенная фурнитура',
        'Длина сережки 6 см.', 'Вес одной сережки 8 гр.', false, false, '2020-04-26 14:47:16', 4, 1900),
       (27, 'Graceful Purple', 1800, 'Серьги в стиле геометрия в сочетании с кристаллами Swarovski', 'EARRINGS',
        'Кристаллы Swarovski; Посеребренная гипоаллергенная фурнитура', 'Длина сережки 5 см.',
        'Вес одной сережки 5 гр.', false, false, '2020-04-26 14:47:16', 5, 1000),
       (28, 'Graceful Pearls', 2900, 'Серьги из барочного жемчуга высшего класса', 'EARRINGS',
        'Барочный жемчуг качества Grade AA; Позолоченная фурнитура из латуни; Гипоаллегренные серьги; Кристаллы Swarovski',
        'Длина сережки 5,5 см.', 'Вес одной сережки 9 гр.', false, false, '2020-04-26 14:47:16', 5, 1500),
       (29, 'Graceful Turquoise', 2400, 'Браслет с миксом бусин агата, бирюзы и гемиморфита', 'BRACELET',
        'Фурнута класса Lux с фианитами', 'Длина браслета 19 см. Длина регулируемой 5 части см.', '23 гр.', false,
        false,
        '2020-04-26 14:47:16', 4, 1400),
       (30, 'Graceful Butterflies', 2700, 'Двойной браслет из натурального жемчуга с изящной застёжкой', 'BRACELET',
        'Натуральный речной жемчуг Grade A; Позолоченная фурнитура; Инкрустация фианиты', 'Длина браслета 20 см',
        '31 гр', false, false, '2020-04-26 14:47:16', 5, NULL),
       (31, 'Graceful Star', 2900, 'Колье из натурального жемчуга с позолоченными цепочками', 'NECKLACE', '', '', '',
        true,
        false, '2020-04-26 14:47:16', 4, NULL),
       (32, 'Graceful Black', 2400, 'Колье-чокер из гематита', 'NECKLACE',
        'Гематит; Родированная фурнитура из латуни; Фианиты', 'Длина колье 41 см. Длина регулируемой части 5 см.',
        '68 гр.', false, false, '2020-04-26 14:47:16', 2, 1400),
       (33, 'Graceful Gold', 1000, 'Позолоченное колье из двух уровней с подвесками и регулируемой длиной', 'NECKLACE',
        'Позолоченная цепь и подвески', 'Размер колье 47-57 см (можно увеличить до 5 см)', '12 гр', false, false,
        '2020-04-26 14:47:16', 4, 500),
       (34, 'Graceful Metal', 1500, 'Позолоченные серьги мятый металл с эмалью', 'EARRINGS', '', '', '', true, false,
        '2020-04-26 14:47:16', 3, NULL),
       (35, 'Graceful Bumblebee', 1700, 'Ассиметричные серьги с кристаллами Swarovski', 'EARRINGS',
        'Покрытие золото 14К; Кристаллы Swarovski; Фианиты', '6-14 см.', 'Вес одной сережки 5 гр.', false, false,
        '2020-04-26 14:47:16', 3, 700),
       (36, 'Graceful Key', 2400, 'Колье из гематита с посеребрённой подвеской-ключик', 'NECKLACE',
        'Гематит; Фианиты; Родированная посеребренная фурнитура', 'Длина колье без подвески 44 см', '81 гр', true,
        false,
        '2020-04-26 14:47:16', 4, 1400),
       (37, 'Graceful Silver', 2100, 'Колье-чокер из натурального жемчуга', 'NECKLACE',
        'Натуральный темный жемчуг; Посеребренная фурнитура из латуни; Фианиты', 'Длина колье 42 см.', '25 гр.', false,
        false,
        '2020-04-26 14:47:16', 3, 1100),
       (38, 'Graceful Rainbow', 2000, 'Серьги с кристаллами Swarovski', 'EARRINGS',
        'Гипоаллергенные швензы с покрытием родий; Фианиты; Кристаллы Swarovski', 'Длина сережки 6 см.',
        'Вес одной сережки 3 гр.', false, false, '2020-04-26 14:47:16', 3, 1000),
       (39, 'Graceful Tiger', 1700, 'Браслет с бусинами тигрового глаза', 'BRACELET',
        'Натуральные бусины тигрового глаза; Позолоченная фурнитура из латуни',
        'Длина браслета 20 см. Длина регулируемой части 5 см.', '28 гр.', false, false, '2020-04-26 14:47:16', 1, 700),
       (40, 'Graceful Tenderness', 1900, 'Нежный браслет из натурального розового опала и стеклянной бусины лэмпворк',
        'BRACELET',
        'Натуральные камни розового опала (10 мм); Фурнитура класса LUX со вставками из фианитов; Регулируемая длина браслета ',
        'Длина браслета 20 см. Длина регулируемой 5 части см.', '27 гр.', false, false, '2020-04-26 14:47:16', 2, 900),
       (41, 'Graceful Gold', 2100, 'Роскошный браслет для особых случаев', 'BRACELET',
        'Натуральные бусины лазурита, авантюриновое стекло (10 мм); Фурнитура с покрытием золото 22 карата со вставками из фианитов; Длина браслета регулируется под Ваше запястье',
        'Длина браслета 18 см, длина регулируемой части 5 см', '23 гр.', false, false, '2020-04-26 14:47:16', 4, 1100),
       (42, 'Graceful Moon', 1700, 'Романтичные сережки с кристаллами Swarovski', 'EARRINGS',
        'Фурнитура класса LUX; Гипоаллергенные швензы', 'Длина сережки 5 см.', 'Вес одной сережки 3 гр.', false, false,
        '2020-04-26 14:47:16', 1, 700),
       (43, 'Graceful Stars', 2100, 'Длинные серьги с кристальным жемчугом Swarovski и фианитами', 'EARRINGS',
        'Гипоаллергенная фурнитура из латуни (покрытие родий); Жемчуг Swarovski; Фианиты', 'Длина сережки 15 см.',
        'Вес одной сережки 8 гр.', false, false, '2020-04-26 14:47:16', 3, 1100),
       (44, 'Graceful Regalite', 2100, 'Яркий браслет из натурального регалита и пейзажной яшмы', 'BRACELET',
        'Фурнитура с покрытием золото 22 карата со вставками из фианитов; Длина браслета регулируется под Ваше запястье',
        'Длина браслета 17,5 см, длина регулируемой части 5 см', '18 гр.', false, false, '2020-04-26 14:47:16', 1,
        1100),
       (45, 'Graceful Bead', 2200, 'Браслет с миксом бусин регалита, бирюзы и пейзажной яшмы', 'BRACELET',
        'Натуральные камни (8-10 мм); Кристалл Swarovski; Фурнитура класса LUX со вставками из фианитов',
        'Длина браслета 18 см. Длина регулируемой части 5 см.', '19 гр.', false, false, '2020-04-26 14:47:16', 5, 1200),
       (46, 'Graceful Snake', 2100, 'Сочный браслет с жемчугом Swarovski и стеклянным бутоном лэмпворк', 'BRACELET',
        'Фурнитура класса LUX; Кристаллы и жемчуг Swarovski (4, 10 мм); Регулируемая длина браслета',
        'Длина браслета 16,5 см, длина регулируемой части 5 см', '16 гр.', true, false, '2020-04-26 14:47:16', 1, 1100),
       (47, 'Graceful Luxury', 1900, 'Позолоченные серьги с кристаллами Swarovski', 'EARRINGS',
        'Покрытие золото 22 карата; Фурнитура класса LUX со вставками из фианитов; Гипоаллергенные швензы',
        'Длина сережки 6,5 см.', 'Вес одной сережки 5 гр.', false, false, '2020-04-26 14:47:16', 2, 900),
       (48, 'Graceful Weightlessness', 1500, 'Невесомые сережки с кристаллами Swarovski', 'EARRINGS',
        'Кристаллы Swarovski (14 мм); Гипоаллергенные швензы; Позолоченная фурнитура', 'Длина сережки 5,5 см.',
        'Вес одной сережки 2 гр.', false, false, '2020-04-26 14:47:16', 1, 500),
       (49, 'Graceful Helm', 1700, 'Изящные сережки с бантиком и кристаллами Swarovski', 'EARRINGS',
        'Фурнитура класса LUX со вставками из фианитов; Гипоаллергенные швензы', 'Длина сережки 5,5 см.',
        'Вес одной сережки 3 гр.', false, false, '2020-04-26 14:47:16', 1, 700),
       (50, 'Graceful Queen', 1800,
        'Изящные серьги в стиле барокко с гипоаллергенной фурнитурой и кристаллами Swarovski ', 'EARRINGS',
        'Кристаллы Swarovski; Гипоаллергенная родированная фурнитура из латуни; Фианиты', 'Длина сережки 7 см.',
        'Вес одной сережки 4 гр.', false, false, '2020-04-26 14:47:16', 5, 800),
       (51, 'Graceful Swarovski', 1900, 'Яркий браслет из кристального жемчуга Swarovski', 'BRACELET',
        'Фурнитура с покрытием золото 22 карата со вставками из фианитов; Регулируемая длина браслета',
        'Длина браслета 20 см. Длина регулируемой части 5 см.', '24 гр.', false, false, '2020-04-26 14:47:16', 3, 900),
       (52, 'Graceful Shells', 1900, 'Яркие ассиметричные серьги с кристальным жемчугом Swarovski', 'EARRINGS', '', '',
        '', true, false, '2020-04-26 14:47:16', 2, 700),
       (53, 'Graceful Aventurine', 2400, 'Браслет с авантюриновым стеклом и лазуритом', 'BRACELET',
        'Фурнитура с гипоаллегренным покрытием родий; натуральные камни лазурита; авантюриновое стекло; фианиты',
        'Длина браслета 10 см, длина цепочки 5 см', '38 гр.', false, false, '2020-04-26 14:47:16', 4, 1400),
       (54, 'Graceful Ocean', 1900, 'Сережки с необычной вставкой морской конёк\r\n', 'EARRINGS',
        'Фурнитура класса LUX; Гипоаллергенные швензы; Кристаллы Swarovski (14 мм); Инструктация - фианиты',
        'Длина сережки 7 см.', 'Вес одной сережки 4 гр.', false, false, '2020-04-26 14:47:16', 3, 900),
       (55, 'Graceful Wave', 1700, 'Абсолютно невесомые серьги с японским хлопковым жемчугом', 'EARRINGS',
        'Посеребренная гипоаллергенная фурнирута класса LUX; Японский хлопковый жемчуг; Натуральный жемчуг; Фианиты',
        '9 см', '5 гр одна серёжка', false, false, '2020-07-13 11:50:45', 4, 600),
       (56, 'Graceful Key', 1800, 'Позолоченные серьги с натуральным жемчугом', 'EARRINGS',
        'Натуральный тёмный жемчуг; Жемчуг Swarovski; Позолоченные швензы; Фианиты', '7-11 см.', '4 гр. одна сережка',
        false, false, '2020-08-02 00:34:09', 5, 1000),
       (57, 'Graceful King', 2500, 'Изумительный браслет с миксом натуральных камней', 'BRACELET',
        'Граненые бусины дымчатого кварца; Бусины пирита; Бусины гелиотиса; Позолоченная фурнитура; Фианиты',
        'Длина браслета 19 см, длина регулируемой части 6 см', '26 гр.', true, false, '2020-08-02 00:52:01', 5, 1100),
       (58, 'Graceful Palm', 2500, 'Нежный браслет из полудрагоценных натуральных камней и жемчуга', 'BRACELET',
        'Бусины белого агата; Граненые бусины голубого агата; Бусины аметиста; Кварц; Натуральный жемчуг; Покрытие родий; Фианиты',
        'Длина браслета 19 см, длина регулируемой части 6 см', '22 гр.', false, false, '2020-08-03 12:53:42', 5, 1000),
       (59, 'Graceful Gray', 1700, 'Сверкающий чокер из гематита с регулируемой длиной', 'NECKLACE',
        'Бусины гематита (искусственный); родий', 'Длина колье 35 см. Длина регулируемой части 5 см.', '10 гр.', false,
        false,
        '2020-08-06 11:43:09', 4, 700),
       (60, 'Graceful Dreams', 2600, 'Восхитительный чокер из натурального жемчуга', 'NECKLACE',
        'Натуральный речной жемчуг; Барочный жемчуг качества Grade AAA; Покрытие родий; Фианиты', '', '', true, false,
        '2020-08-07 13:04:49', 4, 1550),
       (61, 'Graceful Cloud', 1500, 'Невесомый двойной браслет с жемчугом и фианитами', 'BRACELET',
        'Натуральный речной жемчуг; Фианиты; Родий', 'Длина браслета 15 см. Длина регулируемой части 5 см.', '5 гр.',
        false,
        true, '2020-08-09 00:35:21', 5, 500),
       (62, 'Graceful Opposites', 2400, 'Браслет в два ряда с жемчугом и гематитом', 'BRACELET',
        'Натуральный речной жемчуг; Гематит; Родий; Фианиты',
        'Длина браслета 17,5 см. Длина регулируемой части 2,5 см.', '35 гр.', false, false, '2020-08-12 12:13:14', 5,
        1400),
       (63, 'Graceful Wind', 2000, 'Невесомые и сверкающие серьги с покрытием золото 22К', 'EARRINGS',
        'Кристаллы Swarovski; Позолоченная фурнитура; Фианиты', 'Длина сережки 10 см.', '5 гр.', false, false,
        '2020-08-12 12:18:31', 5, 1000),
       (64, 'Graceful Drops', 1800, 'Серьги с каплями Swarovski', 'EARRINGS',
        'Кристаллы Swarovski; Позолоченная фурнитура из латуни; Гипоаллергенные серьги; Фианиты',
        'Длина сережки 9,5 см.', '3 гр.', false, false, '2021-03-05 21:41:04', 5, 800),
       (65, 'Graceful Shine', 3000, 'Колье с натуральным жемчугом и жемчугом Swarovski', 'NECKLACE',
        'Натуральный жемчуг; Жемчугом Swarovski; Родированная фурнитура; Фианиты',
        'Длина колье 32 см. Длина регулируемой части 7 см.', '59 гр.', false, false, '2021-03-05 22:19:21', 5, 2000),
       (66, 'Graceful Cats', 2900, 'Оригинальные \"кошачьи\" серьги с друзой Swarovski', 'EARRINGS',
        'Имитация друзы от Swarovski; Родированные швензы; Фианиты', 'Длина сережки 5 см.', '5 гр.', false, false,
        '2021-03-05 22:23:01', 5, 2000),
       (67, 'Graceful Moon', 2600, 'Позолоченная цепь с натуральным жемчугом', 'NECKLACE',
        'Натуральный жемчуг; Позолоченная цепь (производство Южная Корея); Перо с фианитами', '', '', true, false,
        '2021-03-05 22:25:46', 5, 1600),
       (68, 'Graceful Sparkle', 3000, 'Цепь с кристальным жемчугом Swarovski и покрытием родий', 'NECKLACE',
        'Кристальный жемчуг Swarovski; Цепь из бижутерного сплава с покрытием родий; Подвеска с фианитами',
        'Длина колье 50 см. По желанию можно укоротить колье, вставив любое звено цепи в замочек', '83 гр.', false,
        false,
        '2021-03-05 22:29:00', 5, 2000),
       (69, 'Graceful Baby', 1600, 'Серьги с натуральным жемчугом и позолотой', 'EARRINGS',
        'Позолоченные швензы; Натуральный жемчуг; Фианиты', 'Длина сережки 4 см.', 'Вес одной сережки 3 гр.', false,
        false,
        '2021-03-05 22:37:29', 5, 600),
       (70, 'Graceful Infinity', 2300, 'Браслет с натуральным жемчугом розового цвета', 'BRACELET',
        'Натуральный жемчуг; Родированная фурнитура; Фианиты', 'Длина браслета 18,5 см., не изменяется', '15 гр.',
        false, false,
        '2021-03-05 22:49:00', 5, 1300),
       (71, 'Graceful Heart', 1900, 'Колье-цепь с покрытием родий и кристаллом Swarovski', 'NECKLACE',
        'Родированная цепь (производство Ю. Корея); Кристалл Swarovski', '', '', true, false, '2021-03-12 11:04:35', 5,
        900),
       (72, 'Graceful Sun', 1900, 'Колье на основе проволоки с памятью', 'NECKLACE',
        'Покрытие серебро; Фианиты; Проволока с памятью; Съемная подвеска в виде солнца; Регулируемый диаметр колье',
        'Диаметр колье 9,5 см. С помощью регулируемой цепочки диаметр растягивается до 11,5 см. Длина подвески 13 см.',
        '6 гр.', false, false, '2021-05-02 20:43:29', 5, 900),
       (73, 'Graceful White', 2500, 'Браслет с крупной застежкой', 'BRACELET',
        'Натуральный жемчуг; Родированная фурнитура; Фианиты', 'Длина браслета 20 см., не изменяется', '23 гр.', false,
        false,
        '2021-05-02 23:10:09', 5, 1500),
       (74, 'Graceful Black', 2700, 'Колье с черными бусинами натурального агата', 'NECKLACE',
        'Натуральные бусины агата; Родированная фурнитура из латуни; Подвеска с эмалью',
        'Длина колье 49 см. Длина подвески 2,5 см.', '40 гр.', false, false, '2021-05-02 23:13:08', 5, 1700),
       (75, 'Graceful Star', 2900, 'Колье-чокер из натурального жемчуга со съемной подвеской', 'NECKLACE',
        'Натуральный жемчуг; Родированная фурнитура из латуни; Съемная подвеска в виде звезды; Фианиты',
        'Длина колье 39 см. Длина регулируемой части 5 см. Длина подвески 11 см.', '18 гр.', false, false,
        '2021-05-02 23:15:10', 5, 1900),
       (76, 'Graceful Angel', 2500, 'Колье-цепь из натурального говлита', 'NECKLACE',
        'Натуральный говлит; Родированная цепь из латуни; Подвеска ангел с эмалью; Бусины из фианитов',
        'Длина колье 52 см. Длина подвески 2,5 см. По желанию можно укоротить колье, вставив любое звено цепи в замочек',
        '64 гр.', false, false, '2021-05-02 23:18:33', 5, 1500),
       (77, 'Graceful Summer', 2800, 'Колье из натурального жемчуга с подвеской-бабочками', 'NECKLACE',
        'Натуральный жемчуг Grade A; Родированная цепь из латуни', 'Длина колье 47 см. Длина подвески 9 см.', '18 гр.',
        false, false, '2021-05-02 23:23:35', 5, 1800),
       (78, 'Graceful Gray', 1700, 'Браслет из гальванизированных бусин кварца', 'BRACELET',
        'Гальванизированные бусины кварца (друза); Родированная фурнитура из латуни; Фианиты',
        'Длина браслета 17 см. Длина регулируемой части 5 см.', '22 гр.', false, false, '2021-05-02 23:26:18', 5, 700),
       (79, 'Graceful Cubes', 3800, 'Колье-чокер из кубов Swarovski', 'NECKLACE',
        'Кубы Swarovski; Позолоченная фурнитура из латуни (произ. Ю. Корея); Фианиты',
        'Длина колье 40 см. Длина регулируемой части 5 см.', '20 гр.', false, false, '2021-05-02 23:29:21', 5, 2800),
       (80, 'Graceful Gold', 2500, 'Позолоченная колье-цепь с крупным замком и съемной подвеской', 'NECKLACE',
        'Позолоченная фурнитура из латуни (произ. Ю. Корея); Фианиты',
        'Длина цепи вместе с замком 49 см. Длина подвески 4 см. По желанию можно укоротить цепь, вставив любое звено в замочек',
        '36 гр.', false, false, '2021-05-02 23:37:10', 5, 1500),
       (81, 'Graceful Butterflies', 1700, 'Серьги с бабочками и звездами из фианитов', 'EARRINGS',
        'Родированная фурнитура из латуни; Фианиты; Гипоаллергенные серьги (в основе покрытия родий)', 'Длина 8 см.',
        'Вес одной сережки 3 гр.', false, false, '2021-05-02 23:41:13', 5, 700),
       (82, 'Graceful Breeze', 1900, 'Серьги с натуральным барочным жемчугом', 'EARRINGS',
        'Натуральный барочный жемчуг; Позолоченная фурнитура из латуни; Гипоаллергенные серьги (покрытие золото); Фианиты',
        'Длина сережки вместе с цепочкой-подвеской 16 см.', 'Вес одной сережки 5 гр.', false, false,
        '2021-05-02 23:45:34', 5,
        900),
       (83, 'Graceful Squares', 1900, 'Серьги с кристаллами Swarovski', 'EARRINGS',
        'Гипоаллегренные родированные серьги (произ. Ю. Корея); Оригинальные кристаллы Swarovski',
        'Длина сережек 3 см.', 'Вес одной сережки 4 гр.', true, false, '2021-05-03 00:09:29', 5, 900),
       (84, 'Graceful Teddy', 2900, 'Колье-цепь из натурального жемчуга', 'NECKLACE',
        'Натуральный жемчуг; Позолоченная цепь из латуни (произ. Ю. Корея); Съемная подвеска',
        'Длина колье 50 см. Длину можно скорректировать с помощью звеньев цепи', '50 гр.', false, false,
        '2021-05-03 00:11:46',
        5, 1900),
       (85, 'Graceful Lace', 1600, 'Колье-чокер с покрытием золото', 'NECKLACE',
        'Позолоченная фурнитура из латуни (произ. Ю. Корея); Регулируемая длина',
        'Длина цепи вместе с замочком 36 см., длина регулируемой части 5 см.', '18 гр.', false, false,
        '2021-05-03 00:14:31', 5,
        600),
       (86, 'Graceful Tinsel', 1600, 'Невесомая цепочка для очков с кристаллами Swarovski', 'GLASSES_CHAIN',
        'Кристаллы Swarovski; Позолоченная цепь (покрытие золото 14К)', 'Длина цепочки 67 см.', '7 гр.', true, false,
        '2021-05-03 00:18:40', 4, 600),
       (87, 'Graceful Simplicity', 1600, 'Позолоченная цепочка для очков', 'GLASSES_CHAIN',
        'Позолоченная фурнитура из латуни (произ. Ю. Корея)', '', '', true, false, '2021-02-02 00:21:01', 4, 600),
       (88, 'Graceful Birds', 1800, 'Серьги с кристаллами Swarovski', 'EARRINGS',
        'Родированная гипоаллегренная фурнитура из латуни; Кристаллы Swarovski; Фианиты', 'Длина сережки 8,5 см.',
        'Вес одной сережки 5 гр.', true, false, '2021-05-01 21:02:50', 4, 800),
       (90, 'Graceful Sky', 1900, 'Колье из бусин опала', 'NECKLACE',
        'Натуральные бусины опала; Родированная фурнитура из латуни; Фианиты',
        'Длина колье 33 см. Длина регулируемой части 5 см. Длина подвески 4,5 см.', '16 гр.', false, true,
        '2021-05-03 21:36:44', 5, 900),
       (91, 'Graceful Chain', 1400, 'Классическая цепь из латуни', 'NECKLACE',
        'Родированная цепь из латуни (произ. Ю. Корея)', '', '', false, false, '2021-06-06 21:07:30', 5, 400),
       (92, 'Graceful Rain', 2200, 'Серьги с кристаллами Swarovski', 'EARRINGS',
        'Покрытие золото 14K; Кристаллы Swarovski; Фианиты', '', '', false, false, '2021-06-06 21:18:15', 5, 1200),
       (93, 'Graceful Love', 1500, 'Позолоченное колье с сердечками', 'NECKLACE',
        'Позолоченная фурнитура 14К (произ. Ю. Корея)', '', '', false, false, '2021-06-06 21:18:50', 5, 500),
       (94, 'Graceful Shy', 1600, 'Позолоченное колье с подвеской бабочкой', 'NECKLACE',
        'Позолоченная фурнитура 14К (произ. Ю. Корея)', '', '', false, false, '2021-06-06 21:19:59', 5, 600),
       (95, 'Graceful Gray', 1700, 'Чокер с натуральными бусинами лабрадорита', 'NECKLACE',
        'Натуральный лабрадорит; Позолоченная фурнитура 14К (произ. Ю. Корея)', '', '', false, false,
        '2021-06-06 21:20:58', 5,
        700),
       (96, 'Graceful Star ', 1500, 'Нежная цепь с подвеской звездой', 'NECKLACE',
        'Позолоченная фурнитура 14К (произ. Ю. Корея); Фианиты', '', '', false, false, '2021-06-06 21:22:10', 5, 500),
       (97, 'Graceful Charm', 2000, 'Цепь из латуни с барочным жемчугом', 'NECKLACE',
        'Родированная цепь из латуни; Барочный жемчуг; Фианиты', '', '', false, false, '2021-06-06 21:23:01', 5, 1000),
       (98, 'Graceful Coins', 2400, 'Цепь из латуни с барочным жемчугом', 'NECKLACE',
        'Родированная цепь из латуни; Барочный жемчуг', '', '', false, false, '2021-06-06 21:23:44', 5, 1400);

create table image
(
    id         SERIAL PRIMARY KEY,
    name       varchar(100) UNIQUE,
    jewelry_id int not null,
    img_index  int not null,
    FOREIGN KEY (jewelry_id) REFERENCES jewelry (id)
);

INSERT INTO image
VALUES (3, 'IMG_1037.jpeg', 3, 0),
       (4, 'IMG_1037 2.jpeg', 3, 1),
       (5, 'IMG_1028.jpeg', 3, 2),
       (6, 'IMG_1044.jpeg', 4, 0),
       (7, 'IMG_1044 2.jpeg', 4, 1),
       (8, 'IMG_1048.jpeg', 5, 0),
       (9, 'IMG_1051.jpeg', 5, 1),
       (11, 'IMG_1057.jpeg', 6, 0),
       (12, 'IMG_1057 2.jpeg', 6, 1),
       (13, 'IMG_1054.jpeg', 6, 2),
       (17, 'IMG_1070.jpeg', 8, 0),
       (18, 'IMG_1073.jpeg', 8, 1),
       (19, 'IMG_1078.jpeg', 9, 0),
       (21, 'IMG_1087.jpeg', 10, 0),
       (22, 'IMG_1083.jpeg', 10, 1),
       (23, '2.jpg', 11, 0),
       (24, 'IMG_0816.jpeg', 11, 1),
       (25, 'IMG_0618.jpeg', 12, 0),
       (26, 'IMG_0618 2.jpeg', 12, 1),
       (27, 'IMG_0616.jpeg', 12, 2),
       (28, 'IMG_0628.jpeg', 13, 0),
       (29, 'IMG_0628 2.jpeg', 13, 1),
       (30, 'IMG_0933.jpeg', 13, 2),
       (31, '7.jpg', 14, 0),
       (32, 'IMG_5216.jpeg', 14, 1),
       (33, 'IMG_5212.jpeg', 14, 2),
       (34, '5.jpg', 15, 0),
       (35, 'IMG_5194.jpeg', 15, 1),
       (36, 'IMG_5197.jpeg', 15, 2),
       (37, 'IMG_4777.jpeg', 16, 0),
       (38, 'IMG_4777 2.jpeg', 16, 1),
       (39, 'IMG_4774.jpeg', 16, 2),
       (45, 'IMG_5181.jpeg', 19, 0),
       (46, 'IMG_5181 2.jpeg', 19, 1),
       (47, 'IMG_5232.jpeg', 20, 0),
       (48, 'IMG_5232 2.jpeg', 20, 1),
       (49, 'IMG_5228.jpeg', 20, 2),
       (50, 'IMG_4652 2.jpeg', 21, 0),
       (51, 'IMG_4652.jpeg', 21, 1),
       (52, 'IMG_5187.jpeg', 22, 0),
       (53, 'IMG_5187 2.jpeg', 22, 1),
       (54, 'IMG_0710.jpeg', 23, 0),
       (55, 'IMG_0710 2.jpeg', 23, 1),
       (56, 'IMG_0711.jpeg', 23, 2),
       (57, '9.jpg', 24, 0),
       (58, 'IMG_4643.jpeg', 24, 1),
       (59, 'IMG_4738.jpeg', 25, 0),
       (60, 'IMG_4738 2.jpeg', 25, 1),
       (61, 'IMG_4736.jpeg', 26, 0),
       (62, 'IMG_4736 2.jpeg', 26, 1),
       (63, 'IMG_4737.jpeg', 26, 2),
       (68, 'IMG_5198.jpeg', 29, 0),
       (69, 'IMG_5198 2.jpeg', 29, 1),
       (70, 'IMG_5199.jpeg', 29, 2),
       (73, 'IMG_4707.jpeg', 31, 0),
       (74, 'IMG_4707 2.jpeg', 31, 1),
       (75, 'IMG_4703.jpeg', 31, 2),
       (76, 'IMG_4694.jpeg', 31, 3),
       (77, 'IMG_4663 2.jpeg', 32, 0),
       (78, 'IMG_4663.jpeg', 32, 1),
       (79, 'IMG_4655.jpeg', 32, 2),
       (83, '3.jpg', 34, 0),
       (84, 'IMG_4756.jpeg', 34, 1),
       (85, 'IMG_5245.jpeg', 35, 0),
       (86, 'IMG_5245 2.jpeg', 35, 1),
       (87, 'IMG_5240.jpeg', 35, 2),
       (92, 'IMG_4679.jpeg', 37, 0),
       (93, 'IMG_4687.jpeg', 37, 1),
       (94, 'IMG_4680.jpeg', 37, 2),
       (95, 'IMG_5165.jpeg', 38, 0),
       (96, 'IMG_5165 2.jpeg', 38, 1),
       (97, 'IMG_5161.jpeg', 38, 2),
       (98, 'IMG_5175.jpeg', 39, 0),
       (99, 'IMG_5175 2.jpeg', 39, 1),
       (100, 'IMG_5176.jpeg', 39, 2),
       (101, 'IMG_0723.jpeg', 40, 0),
       (102, 'IMG_0723 2.jpeg', 40, 1),
       (103, 'IMG_0718.jpeg', 40, 2),
       (104, 'IMG_0741.jpeg', 41, 0),
       (105, 'IMG_0741 2.jpeg', 41, 1),
       (106, 'IMG_0737.jpeg', 41, 2),
       (107, 'IMG_0624.jpeg', 42, 0),
       (108, 'IMG_0624 2.jpeg', 42, 1),
       (109, 'IMG_0802.jpeg', 42, 2),
       (110, 'IMG_5237.jpeg', 43, 0),
       (111, 'IMG_5237 2.jpeg', 43, 1),
       (112, 'IMG_5238.jpeg', 43, 2),
       (113, 'IMG_0756.jpeg', 44, 0),
       (114, 'IMG_0756 2.jpeg', 44, 1),
       (115, 'IMG_0753.jpeg', 44, 2),
       (119, 'IMG_0764.jpeg', 46, 0),
       (120, 'IMG_0764 2.jpeg', 46, 1),
       (124, 'IMG_0828.jpeg', 48, 0),
       (125, 'IMG_0828 2.jpeg', 48, 1),
       (126, 'IMG_0916.jpeg', 49, 0),
       (127, 'IMG_0916 2.jpeg', 49, 1),
       (130, 'IMG_0733.jpeg', 51, 0),
       (131, 'IMG_0733 2.jpeg', 51, 1),
       (132, 'IMG_0731.jpeg', 51, 2),
       (133, '1.jpg', 52, 0),
       (134, 'IMG_4711.jpeg', 52, 1),
       (135, 'IMG_4712.jpeg', 52, 2),
       (136, '8.jpg', 53, 0),
       (137, 'IMG_4649.jpeg', 53, 1),
       (138, 'IMG_4647.jpeg', 53, 2),
       (139, 'IMG_0908.jpeg', 54, 0),
       (140, 'IMG_0906.jpeg', 54, 1),
       (146, 'IMG_0474_Facetune_14-07-2020-22-35-00 2.jpg', 30, 0),
       (147, 'IMG_0474_Facetune_14-07-2020-22-35-00.JPG', 30, 1),
       (148, 'IMG_0377_Facetune_11-07-2020-01-19-10.jpg', 30, 2),
       (151, 'IMG_0467_Facetune_14-07-2020-22-29-28 3.jpg', 33, 0),
       (152, 'IMG_0467_Facetune_14-07-2020-22-29-28 2.jpg', 33, 1),
       (154, '676ghgy67-min 2.jpg', 33, 2),
       (157, 'IMG_0471_Facetune_14-07-2020-22-43-37 2.jpg', 2, 0),
       (158, 'IMG_0471_Facetune_14-07-2020-22-43-37.JPG', 2, 1),
       (159, 'IMG_5095-min.jpg', 2, 2),
       (163, 'IMG_0456_Facetune_14-07-2020-00-32-40 2.jpg', 36, 0),
       (164, 'IMG_0456_Facetune_14-07-2020-00-32-40.JPG', 36, 1),
       (165, 'IMG_0453_Facetune_14-07-2020-18-33-08.jpg', 36, 2),
       (166, 'IMG_5157-min.jpg', 36, 3),
       (168, 'IMG_0382_Facetune_11-07-2020-01-00-28.jpg', 18, 0),
       (169, 'IMG_0382_Facetune_11-07-2020-01-00-28 2.jpg', 18, 1),
       (170, 'IMG_5152-min.jpg', 18, 2),
       (172, 'IMG_0390_Facetune_11-07-2020-12-30-04 2.jpg', 7, 0),
       (173, 'IMG_0390_Facetune_11-07-2020-12-30-04.jpg', 7, 1),
       (174, 'IMG_1063-min.jpg', 7, 2),
       (177, 'IMG_0535_Facetune_19-07-2020-22-36-57 2-min.jpg', 17, 0),
       (178, 'IMG_0535_Facetune_19-07-2020-22-36-57-min.JPG', 17, 1),
       (179, 'IMG_5083-min.jpg', 17, 2),
       (182, 'IMG_0557_Facetune_19-07-2020-23-05-23 2-min.jpg', 27, 0),
       (183, 'IMG_0557_Facetune_19-07-2020-23-05-23-min.JPG', 27, 1),
       (184, 'IMG_4763-min.jpg', 27, 2),
       (185, 'IMG_0801 2-min.jpg', 58, 0),
       (186, 'IMG_0801-min.jpg', 58, 1),
       (187, 'IMG_0837 2-min.jpg', 59, 0),
       (188, 'IMG_0837-min.jpg', 59, 1),
       (189, 'IMG_0986_Facetune_05-08-2020-03-15-21-min.JPG', 59, 2),
       (190, 'IMG_0842-min.jpg', 60, 0),
       (191, 'IMG_0842 2-min.jpg', 60, 1),
       (194, 'IMG_0946_Facetune_05-08-2020-01-14-13-min.JPG', 61, 2),
       (197, 'IMG_1217 2-min.jpg', 56, 0),
       (198, 'IMG_1217-min.jpg', 56, 1),
       (199, 'IMG_1208 2-min.jpg', 57, 0),
       (200, 'IMG_1208-min.jpg', 57, 1),
       (201, 'IMG_1229 2-min.jpg', 55, 0),
       (202, 'IMG_1229-min.jpg', 55, 1),
       (203, 'IMG_0408_Facetune_13-07-2020-12-42-04-min.JPG', 55, 2),
       (204, 'IMG_0884-min.jpg', 62, 0),
       (205, 'IMG_0884 2-min.jpg', 62, 1),
       (206, 'IMG_0897-min.jpg', 62, 2),
       (207, 'IMG_1015-min.jpg', 63, 0),
       (208, 'IMG_1015 2-min.jpg', 63, 1),
       (209, 'IMG_1013-min.jpg', 63, 2),
       (210, 'IMG_1094_Facetune_08-08-2020-19-52-15-min.JPG', 63, 3),
       (214, 'IMG_6912 2-min.jpg', 64, 0),
       (215, 'IMG_6912-min.jpg', 64, 1),
       (216, 'IMG_6982-min.jpg', 64, 2),
       (217, 'IMG_6305 2-min.jpg', 65, 0),
       (218, 'IMG_6305-min.jpg', 65, 1),
       (219, 'IMG_2394_Facetune_07-01-2021-20-42-58-min.JPG', 65, 2),
       (220, 'IMG_2846_Facetune_25-02-2021-18-39-43 2-min.jpg', 66, 0),
       (221, 'IMG_2846_Facetune_25-02-2021-18-39-43-min.jpg', 66, 1),
       (222, 'IMG_3005_Facetune_18-02-2021-16-58-50-min.JPG', 66, 2),
       (223, 'IMG_6861 2-min.jpg', 67, 0),
       (224, 'IMG_6861-min.jpg', 67, 1),
       (225, 'IMG_3029_Facetune_15-02-2021-23-52-54-min.jpg', 67, 2),
       (226, 'IMG_7239 2-min.jpg', 68, 0),
       (227, 'IMG_7239-min.jpg', 68, 1),
       (228, 'IMG_3102_Facetune_25-02-2021-18-24-45-min.JPG', 68, 2),
       (229, 'IMG_6926 2-min.jpg', 69, 0),
       (230, 'IMG_6926-min.jpg', 69, 1),
       (231, 'IMG_2998_Facetune_16-02-2021-00-10-34-min.JPG', 69, 2),
       (232, 'IMG_7217 2-min.jpg', 70, 0),
       (233, 'IMG_7217-min.jpg', 70, 1),
       (234, 'IMG_7213-min.jpg', 70, 2),
       (235, 'IMG_7174-min.jpg', 70, 3),
       (236, 'IMG_7243-min.jpg', 71, 0),
       (237, 'IMG_7243 2-min.jpg', 71, 1),
       (238, 'IMG_7246-min.jpg', 71, 2),
       (240, 'IMG_8059-min.jpg', 72, 1),
       (241, 'IMG_8064-min.jpg', 72, 2),
       (242, 'IMG_3310_Facetune_17-03-2021-17-43-41-min.jpg', 72, 3),
       (243, 'IMG_8059-min-1.jpg', 72, 0),
       (244, 'IMG_7442-min-1.jpg', 73, 0),
       (245, 'IMG_7442-min.jpg', 73, 1),
       (246, 'IMG_7702-min.jpg', 73, 2),
       (247, 'IMG_7997-min-1.jpg', 74, 0),
       (248, 'IMG_7995-min.jpg', 74, 1),
       (249, 'IMG_3338_Facetune_17-03-2021-19-22-50-min.jpg', 74, 2),
       (250, 'IMG_7466-min-1.jpg', 75, 0),
       (251, 'IMG_7466-min.jpg', 75, 1),
       (252, 'IMG_7461-min.jpg', 75, 2),
       (253, 'IMG_8020-min-1.jpg', 76, 0),
       (254, 'IMG_4738_Facetune_02-05-2021-17-51-24-min.JPG', 76, 1),
       (255, 'IMG_3349_Facetune_17-03-2021-19-25-14-min.jpg', 76, 2),
       (256, 'IMG_7500-min.jpg', 50, 0),
       (257, 'IMG_7489-min.jpg', 50, 1),
       (258, 'IMG_8113-min-1.jpg', 77, 0),
       (259, 'IMG_8113-min.jpg', 77, 1),
       (260, 'IMG_3346_Facetune_17-03-2021-19-12-17-min.jpg', 77, 2),
       (261, 'IMG_7510-min.jpg', 78, 0),
       (262, 'A4E42CEF-21AE-4EBA-A743-F83931CE34C4-min.JPG', 78, 1),
       (263, 'IMG_7696-min.JPG', 78, 2),
       (264, 'IMG_8089-min-1.jpg', 79, 0),
       (265, 'IMG_8089-min.jpg', 79, 1),
       (266, 'IMG_4691_Facetune_28-04-2021-19-02-55-min.jpg', 79, 3),
       (267, 'IMG_8072-min.jpg', 79, 2),
       (268, 'IMG_4676_Facetune_28-04-2021-19-12-33-min-1.jpg', 80, 0),
       (269, 'IMG_4676_Facetune_28-04-2021-19-12-33-min.jpg', 80, 1),
       (270, 'IMG_7477-min-1.jpg', 81, 0),
       (271, 'IMG_7477-min.jpg', 81, 1),
       (272, 'IMG_8160-min-1.jpg', 82, 0),
       (273, 'IMG_8160-min.jpg', 82, 1),
       (274, 'IMG_7855-min.jpg', 82, 2),
       (275, 'IMG_8132-min.jpg', 83, 0),
       (276, 'IMG_8133-min.jpg', 83, 1),
       (277, 'IMG_7866-min.jpg', 83, 2),
       (278, 'IMG_8033-min-1.jpg', 84, 0),
       (279, 'IMG_8033-min.jpg', 84, 1),
       (280, 'IMG_8038-min.jpg', 84, 2),
       (281, 'IMG_4698_Facetune_28-04-2021-19-05-11-min.jpg', 84, 3),
       (282, 'IMG_8144-min-1.jpg', 85, 0),
       (283, 'IMG_8142-min.jpg', 85, 2),
       (284, 'IMG_8144-min.jpg', 85, 1),
       (285, 'IMG_4698_2.jpg', 85, 3),
       (286, 'IMG_8171-min-1.jpg', 86, 0),
       (287, 'IMG_8165-min.jpg', 86, 1),
       (288, 'IMG_8171-min.jpg', 86, 2),
       (289, 'IMG_8187-min-1.jpg', 87, 0),
       (290, 'IMG_8187-min.jpg', 87, 1),
       (291, 'IMG_8185-min.jpg', 87, 2),
       (292, 'IMG_7260 2-min.jpg', 28, 0),
       (293, 'IMG_1536_Facetune_28-08-2020-20-01-40-min.JPG', 28, 2),
       (294, 'IMG_7260-min.jpg', 28, 1),
       (295, 'IMG_1080-min.jpg', 9, 1),
       (296, 'IMG_1520_Facetune_28-08-2020-20-38-38-min.JPG', 9, 2),
       (297, 'IMG_6468-min.jpg', 45, 0),
       (298, 'IMG_2728_Facetune_30-01-2021-14-51-02-min.jpg', 45, 2),
       (299, 'IMG_6469-min.jpg', 45, 1),
       (300, 'IMG_7256 2-min.jpg', 47, 0),
       (301, 'IMG_7256-min.jpg', 47, 1),
       (303, 'IMG_6341-min.JPG', 61, 1),
       (304, 'IMG_0946_Facetune.jpg', 61, 0),
       (305, 'IMG_1338-min.jpg', 5, 2),
       (306, 'IMG_1467_Facetune_28-08-2020-20-21-44-min.JPG', 25, 2),
       (307, 'IMG_2402_Facetune_29-12-2020-00-30-28-min.JPG', 15, 3),
       (308, 'IMG_2686_Facetune_30-01-2021-15-27-12-min.jpg', 24, 2),
       (309, 'IMG_2710_Facetune_30-01-2021-15-13-42-min.jpg', 14, 3),
       (310, 'IMG_1119_Facetune_08-08-2020-23-33-48-min.jpg', 88, 2),
       (311, 'IMG_1237 2-min.jpg', 88, 0),
       (312, 'IMG_1237-min.jpg', 88, 1),
       (314, 'IMG_6508 2-min.jpg', 90, 0),
       (315, 'IMG_6523-min.jpg', 90, 1),
       (316, 'IMG_6518-min.jpg', 90, 2),
       (317, 'IMG_8616_1-min.jpg', 91, 0),
       (318, 'IMG_8616-min.jpg', 91, 1),
       (319, 'IMG_8612-min.jpg', 91, 2),
       (320, 'IMG_8674_1-min.jpg', 92, 0),
       (321, 'IMG_8674-min.jpg', 92, 1),
       (322, 'IMG_8675-min.jpg', 92, 2),
       (323, 'IMG_5056_Facetune_21-05-2021-16-15-16-min.JPG', 92, 3),
       (324, 'IMG_8713_1-min.jpg', 93, 0),
       (325, 'IMG_8713-min.jpg', 93, 1),
       (326, 'IMG_5032_Facetune_21-05-2021-16-13-50-min.JPG', 93, 2),
       (327, 'IMG_8724_1-min.jpg', 94, 0),
       (328, 'IMG_8724-min.jpg', 94, 1),
       (329, 'IMG_8699-min.jpg', 94, 2),
       (330, 'IMG_5032_Facetune_21-05-2021-16-13-50-min_2.JPG', 94, 3),
       (331, 'IMG_8738_1-min.jpg', 95, 0),
       (332, 'IMG_8738-min.jpg', 95, 1),
       (333, 'IMG_8731-min.jpg', 95, 2),
       (334, 'IMG_5056_Facetune_21-05-2021-16-15-16-min_2.JPG', 95, 3),
       (335, 'IMG_8745_1-min.jpg', 96, 0),
       (336, 'IMG_8745-min.jpg', 96, 1),
       (337, 'IMG_8746_1-min.jpg', 97, 0),
       (338, 'IMG_8746-min.jpg', 97, 1),
       (339, 'IMG_5058_Facetune_21-05-2021-08-24-09-min.JPG', 97, 2),
       (340, 'IMG_8755_1-min.jpg', 98, 0),
       (341, 'IMG_8755-min.jpg', 98, 1),
       (342, 'IMG_8762-min.jpg', 98, 2),
       (343, 'IMG_5058_Facetune_21-05-2021-08-24-09-min_2.JPG', 98, 3),
       (348, 'IMG_8772-min.jpg', 80, 2),
       (349, 'IMG_8784-min.jpg', 80, 3),
       (350, 'IMG_8788-min.jpg', 80, 4);

create table material_order
(
    id             SERIAL PRIMARY KEY,
    delivery_price decimal,
    shop           varchar(100) not null,
    purchase_date  timestamp
);

create table material
(
    id                       SERIAL PRIMARY KEY,
    name                     varchar(1000),
    price                    decimal,
    unit_price_with_delivery decimal,
    number                   int,
    image_url                varchar(300),
    material_order_id        int not null,
    FOREIGN KEY (material_order_id) REFERENCES material_order (id)
);

create table jewelry_material
(
    id          SERIAL PRIMARY KEY,
    jewelry_id  int not null,
    material_id int not null,
    number      int not null,
    FOREIGN KEY (jewelry_id) REFERENCES jewelry (id),
    FOREIGN KEY (material_id) REFERENCES material (id)
);

create table promotional_code
(
    id                  SERIAL PRIMARY KEY,
    code                varchar(20) not null,
    is_active           BOOLEAN     not null,
    promocode_type      varchar(10) not null,
    value               decimal     not null,
    max_uses_number     int,
    current_uses_number int         not null default 0,
    expiration_date     timestamp,
    max_jewelries       int
);

INSERT INTO promotional_code
VALUES (10, 'special', true, 'SUM', 500, NULL, 0, NULL, NULL),
       (11, 'afro20', true, 'PERCENT', 20, NULL, 0, NULL, NULL);

create table user_order
(
    id            SERIAL PRIMARY KEY,
    created_date  TIMESTAMPTZ not null DEFAULT Now(),
    promocode_id  int,
    delivery_type varchar(20) not null,
    payment_type  varchar(50) not null,
    delivery_cost decimal,
    discount      decimal,
    total_cost    decimal,

    first_name    varchar(50),
    last_name     varchar(50),
    patronymic    varchar(50),
    phone         varchar(50),
    email         varchar(50),
    country       varchar(50),
    city          varchar(50),
    address       varchar(100),
    post_index    varchar(50),
    FOREIGN KEY (promocode_id) REFERENCES promotional_code (id)
);

create table order_jewelry
(
    order_id   int not null,
    jewelry_id int not null,
    FOREIGN KEY (order_id) REFERENCES user_order (id),
    FOREIGN KEY (jewelry_id) REFERENCES jewelry (id)
);

create table settings
(
    id          SERIAL PRIMARY KEY,
    s_key       varchar(100) not null,
    s_value     varchar(100) not null,
    description varchar(300)
);

INSERT INTO settings
VALUES (2, 'delivery.cost.russiaPostOffice', '300', 'Стоимость доставки Почтой России'),
       (4, 'email.admin.info', 'admin@gracefuljewelry.ru', 'Основной рабочий эмейл'),
       (5, 'email.id.admin.newOrder', '1', 'Первое письмо админу после создания заказа'),
       (6, 'email.id.client.newOrder', '2', 'Первое письмо клиенту после создания заказа'),
       (7, 'newOrder.client.emailWithoutPayment.id', '4',
        'Первое письмо клиенту (оплата наличными) после создания заказа'),
       (9, 'delivery.cost.ukrainePostOffice', '1300', 'Стоимость доставки в Украину'),
       (10, 'delivery.cost.kazakhstanPostOffice', '500', 'Стоимость доставки в Казахстан'),
       (11, 'delivery.cost.boxberryMoscow', '250', 'Стоимость доставки Boxberry Москва'),
       (13, 'delivery.available.boxberryMoscow', 'false', 'Доступность Boxberry для Москвы'),
       (14, 'delivery.pickup.available.moscow', 'false', 'Возможность забрать самостоятельно заказ в Москве'),
       (15, 'delivery.pickup.available.samara', 'true', 'Возможность забрать самостоятельно заказ в Самаре');

CREATE TABLE shop
(
    id   SERIAL PRIMARY KEY,
    name varchar(100)
);

commit;